text,type
administration,concept
administrative policy,concept
administrators,concept
American imperialists,concept
American people,concept
American servicemen,concept
bail,concept
Ballantine,concept
black students,concept
Bryan,concept
Bryan Administration Building,concept
business school faculty,concept
Cambodian invasion,concept
Cambodian people,concept
campaigning,concept
campaigns,concept
campus,concept
chancellor,concept
civil libertarian principles,concept
classes,concept
corporate interest,concept
Democracy,concept
democratic ideals,concept
demonstration,concept
dissent,concept
Don't Shut Down the University,concept
Faculty,concept
foreign policy,concept
government,concept
individual faculty member,concept
law school faculty,concept
majority rule,concept
majority vote,concept
moral conscience,concept
nonviolence,concept
peaceful relations,concept
picket lines,concept
police,concept
political views,concept
politics,concept
president of Indiana University,concept
president of the university,concept
question,concept
recommendations,concept
rights,concept
Silent majority,concept
strike,concept
student government,IU_ORGANIZATION
students,concept
The Harvard report,concept
university,concept
Vice President of the Student Body,concept
Vietnamese people,concept
violence,concept
vote,concept
war,concept
Yale plan,concept
Cambodian war,event
fall of 1967,event
Indo-Chinese war,event
student administration forum,event
Bryan Hall,IU_BUILDING
Health Center,IU_BUILDING
Rawles Halls,IU_BUILDING
Air Force,organization
Big 10,organization
Board of Trustees,IU_ORGANIZATION
CBS,organization
College of Arts and Sciences,IU_ORGANIZATION
English department,IU_ORGANIZATION
Ford Foundation,organization
Indiana University,IU_ORGANIZATION
IU,IU_ORGANIZATION
IU Foundation,organization
IU Safety Division,IU_ORGANIZATION
IU Student Government,IU_ORGANIZATION
Michigan State University,organization
National Institute of Development Administration,organization
ROTC,organization
Safety Division of Indiana University,IU_ORGANIZATION
School of Education,IU_ORGANIZATION
Daily Student,IU_ORGANIZATION
United States Army,organization
University of Wisconsin,organization
Bobby Seale,IU_PERSON
BYRUM CARTER,IU_PERSON
Byrum Carter,IU_PERSON
Carter,IU_PERSON
Chancellor Carter,IU_PERSON
JOSEPH SUTTON,person
Keith,IU_PERSON
Keith Parker,IU_PERSON
KEITH PARKER,IU_PERSON
Michael,IU_PERSON
Mike,IU_PERSON
Mike Jones,IU_PERSON
Mike King,IU_PERSON
MIKE KING,IU_PERSON
Mr. Parker,IU_PERSON
Mr. Sutton,IU_PERSON
President Sutton,IU_PERSON
Snyder,person
Sutton,person
Africa,location
Asia,location
Bloomington,location
Cambodia,location
Dunn Meadow,location
Evansville,location
"Evansville, Indiana",location
Indiana,location
Michigan City,location
Monroe County,location
Near East,location
Southeast Asia,location
Thailand,location
United States,location
Vietnam,location
Arts and Sciences College,organization
Black Panther,organization
Black Panthers,organization
Bloomington Council,organization
Bloomington Faculty Council,organization
Bobby Seale Defense Fund,organization
Bobby Seale's Defense Fund,organization
College of Arts and Sciences Policy Committee,organization
Council,organization
Defense Fund,organization
Division of Arts and Sciences,organization
Evansville Courier,organization
Faculty Council,IU_ORGANIZATION
Foundation,organization
Law School,organization
Princeton,organization
Student Government Defense Fund,organization
the IU Foundation,organization
The Student,organization
University of Minnesota,organization
Veterans for Peace,organization
Vietnam,organization
Yale,organization
Attorney General,person
Bloomington,person
Bryan,person
Captain [? Miller,person
Captain Smith,person
Chris [? Lohman,person
Chuck,person
Chuck Turner,person
CHUCK TURNER,person
Dale Pryweller,person
DALE PRYWELLER,person
Dean Harvey,person
Dean Merritt,person
Gary,person
Gregory Hess,person
HARRY PRATTER,person
Harry Pratter,person
Ike,person
Indiana University,person
John Cowles,person
Mark,person
Marty,person
Mayor Hooker,person
Mr. Boyle,person
Mr. Levy,person
Mr. Pratter,person
Mr. Pryweller,person
Mr. Turner,person
Paul Dobbs,person
Peter Lindenbaum,person
President Nixon,person
Professor [? Shornhorse,person
Professor Edward Sherman,person
Professor George [? Jergens,person
Professor Julius,person
Professor of Law Harry Pratter,person
Professor Stan,person
Roger [? Nalton,person
Shelley [? Geller,person
Southeast Asia,person
Steve Emery,person
Susan Young,person
Tom,person
Tom [? Shornhorse,person
Vice Chancellor Herman Hudson,person
Vietnam,person
Washington,person
William Curley,person